rank,thr,uc_ct,uc_pt,uc_tt,ooc_ct,ooc_pt,ooc_tt,total_runtime,uc_ce,uc_pe,uc_te,ooc_ce,ooc_pe,ooc_te,total_energy
0,0,7.79769,7.6095,3.2863,25.6332,9.52742,5.20442,11.9226,443.79,455.67,452.712,3133.08,822.314,819.357,2390.91
0,1,7.79359,7.60898,3.9924,25.5829,9.51938,3.9924,11.9226,448.625,455.67,248.363,3136.4,820.589,248.363,2390.91
0,2,7.79371,7.60909,4.16925,25.583,9.5195,4.16925,11.9226,448.625,455.67,257.304,3136.4,820.589,257.304,2390.91
7,0,7.79769,6.08933,2.19827,25.633,18.5536,14.6625,20.1228,443.79,350.753,371.687,3140.36,2770.38,2791.31,3973.17
7,1,7.77962,6.08885,3.04045,25.5687,18.5078,3.04045,20.1228,445.029,350.475,178.063,3133.73,2761.37,178.063,3973.17
7,2,7.77978,6.08902,4.18049,25.5688,18.508,4.18049,20.1228,445.029,350.475,151.637,3133.73,2761.37,151.637,3973.17
